{
  "TalentSearch": {
    "subcontainer": "sidebarFrame1",
    "height": 1,
    "width": 1
  },
  "button3": {
    "subcontainer": "header",
    "row": 0.2,
    "height": 0.8,
    "width": 1
  },
  "container1": {
    "row": 7.8,
    "col": 4,
    "height": 1,
    "width": 6,
    "stackPosition": {
      "object": {
        "ordinal": 0,
        "widthType": "fixed",
        "width": 0,
        "height": 0
      }
    }
  },
  "containerTitle1": {
    "container": "container1",
    "rowGroup": "header",
    "height": 0.6,
    "width": 12
  },
  "navigation2": {
    "subcontainer": "sidebarFrame1",
    "row": 0.2,
    "height": 1,
    "width": 1
  }
}
