{
  "toolscriptVersion": "1.0.0",
  "version": "43.0.9",
  "pageUuid": "9ecf00b8-6c58-11ef-9ef5-2b415642f393",
  "appTemplate": {
    "mobileAppSettings": {
      "object": {
        "mobileOfflineModeEnabled": false,
        "mobileOfflineModeDelaySync": false,
        "displaySetting": {
          "object": {
            "landscapeMode": false,
            "tabletMode": false
          }
        }
      }
    },
    "appMaxWidth": "1920px",
    "appThemeId": "custom",
    "inAppRetoolPillAppearance": "HIDE_MENU",
    "experimentalFeatures": {
      "object": {
        "sourceControlTemplateDehydration": false
      }
    },
    "pageCodeFolders": {
      "object": {
        "TalentSearch": {
          "array": []
        },
        "chat1_query1": {
          "array": []
        }
      }
    },
    "appThemeName": "Custom app theme",
    "version": "3.98.0",
    "experimentalDataTabEnabled": true
  }
}
